[
    {
        "name": "钢·雷光兽",
        "gender": "公",
        "property": "['雷系','钢系','光系']",
        "capability": "[8,9,9,6,9,5]",
        "skills": "['电光闪','电光波动','雷钢枪','刺雷附体']",
        "type": "神兽"
    },
    {
        "name": "噩梦·幽梦兽",
        "gender": "公",
        "property": "['火系','暗系','飞行']",
        "capability": "[9,6,8,7,7,8]",
        "skills": "['幽灵冲击','暗火','暗色禁锢','幻噩']",
        "type": "神兽"
    },
    {
        "name": "冰·花刺兽",
        "gender": "母",
        "property": "['木系','水系','普通']",
        "capability": "[6,8,7,8,6,9]",
        "skills": "['花藤鞭','闪割','雪茫刺','雪花龙卷风']",
        "type": "神兽"
    },
    {
        "name": "熔·岩甲兽",
        "gender": "公",
        "property": "['土系','火系','普通']",
        "capability": "[7,9,8,7,9,3]",
        "skills": "['花藤鞭','闪割','雪茫刺','雪花龙卷风']",
        "type": "神兽"
    }
]